[
    {
      "first_name": "Dineshkumar",
      "last_name": "Thangavel",
      "email": "dinesh@gmail.com",
      "password": "123456",
      "phone": "9445750347"
    },
    {
      "first_name": "Divya ",
      "last_name": "Dineshkumar",
      "email": "divya@gmail.com",
      "password": "123456",
      "phone": "9876543210"
    },
    {
      "first_name": "Darwin",
      "last_name": "Divya DInesh",
      "email": "darwin@gmail.com",
      "password": "123456",
      "phone": "8569745632"
    },
    {
      "first_name": "Darwin",
      "last_name": "Divya DInesh",
      "email": "ddd@gmail.com",
      "password": "12",
      "phone": "8569745632"
    },
    {
      "first_name": "Darwin",
      "last_name": "Divya DInesh",
      "email": "dd2d@gmail.com",
      "password": "12",
      "phone": "8569745632"
    },
    {
      "first_name": "Darwin",
      "last_name": "Divya DInesh",
      "email": "dd22d@gmail.com",
      "password": "12",
      "phone": "8569745632"
    },
    {
      "first_name": "Darwin",
      "last_name": "Divya DInesh",
      "email": "dd22ed@gmail.com",
      "password": "12",
      "phone": "8569745632"
    },
    {
      "first_name": "Darwin",
      "last_name": "Divya DInesh",
      "email": "dd222ed@gmail.com",
      "password": "12",
      "phone": "8569745632"
    },
    {
      "first_name": "Darwin",
      "last_name": "Divya DInesh",
      "email": "dwd222ed@gmail.com",
      "password": "12",
      "phone": "8569745632"
    },
    {
      "first_name": "Darwin",
      "last_name": "Divya DInesh",
      "email": "dfrfdc@gmail.com",
      "password": "12",
      "phone": "9876543210"
    },
    {
      "first_name": "Darwin",
      "last_name": "Divya DInesh",
      "email": "dfrfdqc@gmail.com",
      "password": "12",
      "phone": "9876543210"
    },
    {
      "first_name": "Sudharsana",
      "last_name": "Dineshkumar",
      "email": "sudharDinesh@gmail.com",
      "password": "12",
      "phone": "987456231"
    },
    {
      "first_name": "SheelaDevi",
      "last_name": "Thangavel",
      "email": "sheela@gmail.com",
      "password": "123",
      "phone": "9857463241"
    },
    {
      "first_name": "SheelaDevi",
      "last_name": "Thangavel",
      "email": "sheelat@gmail.com",
      "password": "123",
      "phone": "9857462547"
    },
    {
      "first_name": "Divya ",
      "last_name": "Thangavel",
      "email": "mailtodhinuu@gmail.com",
      "password": "78",
      "phone": "9445750347"
    }
  ]